variant_id,hook_id,body_id,cta_id,style,music_id,format,file,duration_sec,render_sec,rss_mb,status,reason,spend,ctr,hook_rate_3s,hold_rate
H1_B1_C1,H1,B1,C1,hormozi,M1,9x16,out/H1_B1_C1.mp4,13.00,15.74,664,ok,,,,,
H1_B1_C2,H1,B1,C2,hormozi,M1,9x16,out/H1_B1_C2.mp4,13.23,15.63,664,ok,,,,,
H1_B2_C1,H1,B2,C1,hormozi,M1,9x16,out/H1_B2_C1.mp4,12.33,14.72,664,ok,,,,,
H1_B2_C2,H1,B2,C2,hormozi,M1,9x16,out/H1_B2_C2.mp4,12.57,15.19,664,ok,,,,,
H2_B1_C1,H2,B1,C1,hormozi,M1,9x16,out/H2_B1_C1.mp4,13.57,15.50,664,ok,,,,,
H2_B1_C2,H2,B1,C2,hormozi,M1,9x16,out/H2_B1_C2.mp4,13.80,16.27,664,ok,,,,,
H2_B2_C1,H2,B2,C1,hormozi,M1,9x16,out/H2_B2_C1.mp4,12.90,14.96,664,ok,,,,,
H2_B2_C2,H2,B2,C2,hormozi,M1,9x16,out/H2_B2_C2.mp4,13.13,14.93,664,ok,,,,,
H3_B1_C1,H3,B1,C1,hormozi,M1,9x16,out/H3_B1_C1.mp4,13.87,16.27,664,ok,,,,,
H3_B1_C2,H3,B1,C2,hormozi,M1,9x16,out/H3_B1_C2.mp4,14.10,16.42,664,ok,,,,,
H3_B2_C1,H3,B2,C1,hormozi,M1,9x16,out/H3_B2_C1.mp4,13.20,15.31,664,ok,,,,,
H3_B2_C2,H3,B2,C2,hormozi,M1,9x16,out/H3_B2_C2.mp4,13.43,15.16,664,ok,,,,,
