file,slot,kind,tool,model,prompt,text,onScreen,created
brand/packshot.png,BRAND,image,NanoBanana Pro,,"Studio product photo of a matte black stainless steel insulated water bottle with a brushed steel cap, minimalist, no text or logo on the bottle, soft top light, subtle reflections, centered, plain light grey background, 4k; background removed",,,
brand/logo.png,BRAND,image,,,(optional) wordmark NORDA,,,
hooks/H1.mp4,H1,video,Kling,,"Vertical 9:16 handheld UGC phone footage inside a hot car at noon, a hand picks up a flimsy plastic water bottle from the dashboard, harsh sunlight, visible heat haze, slight camera shake",,,
hooks/H1.mp3,H1,voice,ElevenLabs,,,Why is your water always warm by noon?,WARM WATER BY NOON?,
hooks/H2.mp4,H2,video,Kling,,"Macro close-up, a hand unscrews the brushed steel cap of the matte black bottle, ice cubes visible inside, cold vapor rising, dark studio, slow motion",,,
hooks/H2.mp3,H2,voice,ElevenLabs,,,Yesterday's ice. Still in here.,YESTERDAY'S ICE. STILL HERE.,
hooks/H3.mp4,H3,video,Kling,,"Vertical selfie-style UGC, a young woman in a bright kitchen holds the matte black bottle up to the camera and smiles, natural window light, handheld",,,
hooks/H3.mp3,H3,voice,ElevenLabs,,,I stopped buying bottled water. Here's why.,I QUIT BOTTLED WATER,
bodies/B1a.mp4,B1,video,Kling,,"The matte black bottle in a car cup holder, sunlight through the windshield, condensation droplets on the steel, slow push-in",,,
bodies/B1b.mp4,B1,video,Kling,,"Gym, a hand lifts the matte black bottle from a bench and drinks, shallow depth of field, cinematic light",,,
bodies/B1.mp3,B1,voice,ElevenLabs,,,"Double steel walls keep drinks ice cold for twenty-four hours. Car, gym, beach. Still cold.",,
bodies/B2a.mp4,B2,video,Kling,,"Slow motion, the matte black bottle falls onto concrete and bounces, cap stays sealed, low angle, dramatic light",,,
bodies/B2b.mp4,B2,video,Kling,,"Golden hour hiking trail, a hand slides the matte black bottle into a backpack side pocket, handheld, warm light",,,
bodies/B2.mp3,B2,voice,ElevenLabs,,,Leak-proof lid. Fits every cup holder. Survives the drops. Built for real days.,,
ctas/C1.mp3,C1,voice,ElevenLabs,,,Get yours. Link in bio.,,
ctas/C2.mp3,C2,voice,ElevenLabs,,,Thirty-day trial. Tap the link.,,
ctas/C.mp4,CTA,video,Kling,,"(optional) The matte black bottle rotating slowly on a black pedestal, rim light, seamless studio background",,,
music/M1.mp3,MUSIC,music,Suno,,"instrumental, upbeat minimal hip-hop beat, 100 bpm, punchy kick, no vocals, 30 seconds",,,
music/M2.mp3,MUSIC,music,Suno,,"instrumental, bright electro-pop, 120 bpm, energetic, no vocals, 30 seconds",,,
sfx/whoosh.wav,SFX,sfx,own library,,(optional),,,
sfx/pop.wav,SFX,sfx,own library,,(optional),,,
